Susan,Aurand,2897 Southside Lane,Los Angeles,CA,90046
Regina,Vasquez,2296 Gateway Road,Portland,OR,97219
Larry,Roberts,4790 Oakdale Avenue,La Belle,FL,33935
Ladonna,Crossley,733 Duke Lane,Newark,NJ,07102
Risa,Key,1546 Duff Avenue,South Burlington,VT,05403
Bernice,Overturf,4123 Flinderation Road,Blue Island,IL,60406
Gail,Kuhlmann,2858 Adams Avenue,Frederick,MD,21701
Anita,Manrique,1722 Melrose Street,Richland,WA,99352
Joe,Ayala,3829 Cottrill Lane,Saint Louis,MO,63101
Yvette,Heck,240 Wiseman Street,Knoxville,TN,37917
Joseph,Williams,1027 Pallet Street,Yonkers,NY,10701
Edgar,Christian,740 Poplar Avenue,El Cajon,CA,92020
Jesus,Smith,604 Keyser Ridge Road,Greensboro,NC,27406
David,Rockwell,3473 Leroy Lane,Somerset,KY,42564
Justin,Frost,1202 Locust Court,Long Beach,CA,90807
Charles,Giles,3988 Aaron Smith Drive,Waynesboro,PA,17268
Monique,Weatherby,3229 Pratt Avenue,Olympia,WA,98501
Joseph,Creech,1035 Hemlock Lane,Harlingen,TX,78550
Daniel,Neuman,2123 High Meadow Lane,Muncy,PA,17756
Charles,Vanarsdale,1929 Pooh Bear Lane,Greenville,SC,29601
Lee,Troupe,2907 Brown Street,Danville,CA,94526
Elizabeth,Green,4271 Maple Lane,Huntsville,AL,35801
Jose,Defalco,1648 Scott Street,Spring Valley,NY,10977
Julie,Soto,1299 White River Way,Draper,UT,84020
Alfonso,Lujan,4469 Chicago Avenue,Fresno,CA,93721
Estelle,Laflamme,4544 Ritter Street,Birmingham,AL,35291
Amy,Robbins,2205 Southside Lane,Wilmington,CA,90744
Romona,Dear,539 Bobcat Drive,Washington,MD,20005
Clement,Blair,1880 Johnstown Road,Wheeling,IL,60090
Lisa,Mikula,4629 Sundown Lane,Elgin,TX,78621
Robert,Wilson,2780 Tator Patch Road,Chicago,IL,60606
Bud,Oconnell,3288 Briarwood Road,Pittsburg,MO,65724
Angelique,Willis,1202 Park Avenue,Sacramento,CA,94260
Michelle,Johnson,4948 Kooter Lane,Charlotte,NC,28209
Kristen,Seibert,2346 Ridenour Street,Miami,FL,33128
John,Keller,1209 Shadowmar Drive,Metairie,LA,70006
James,Pollard,4962 Front Street,Southfield,MI,48075
Gladys,Kass,2125 Green Gate Lane,Linthicum Heights,MD,21090
Anthony,Becker,324 Pin Oak Drive,Clinton,IA,52732
Thelma,Treadwell,2758 Grant View Drive,Milwaukee,WI,53218
Kay,Quinonez,4085 Clarksburg Park Road,Phoenix,AZ,85012
David,Patridge,1494 Charla Lane,Plano,TX,75075
Robert,Winningham,1314 Libby Street,Hawthorne,CA,90250
Lori,Nelson,1555 Junkins Avenue,Thomasville,GA,31729
Michael,Evans,4343 Park Boulevard,Casey,IA,50048
Felipe,Strum,2349 Simpson Street,Elmwood,IL,61529
Chana,Meyer,3989 Central Avenue,Bayonne,NJ,07002
Ida,Ellis,1124 Wilson Street,Victorville,CA,92392
Courtney,Wilhoit,1525 Davis Court,Stlouis,IL,63101
Anna,Davis,3133 Cherry Ridge Drive,Rochester,NY,14616
Scott,Carter,1713 Sunburst Drive,Fort Myers,FL,33901
Richard,Fleming,2004 Ray Court,Fayetteville,NC,28305
Chris,Dillard,4054 Davis Avenue,Petaluma,CA,94952
Alphonso,Ellingson,3125 Raoul Wallenberg Place,New Haven,CT,06511
Sarah,Cowles,3804 Hornor Avenue,Mcalester,OK,74501
Patricia,Melton,348 Green Acres Road,Havelock,NC,28532
Tia,Lopez,4800 Eagle Drive,Detroit,MI,48219
Denise,Delgado,2479 Adams Drive,Calvert,TX,77837
Pamela,Clem,1538 O Conner Street,Albany,GA,31707
Kathryn,Polson,230 Limer Street,Rising Fawn,GA,30738
Mary,Warren,3149 Elliot Avenue,Seattle,WA,98122
Jerry,Albertson,4271 Hillview Drive,Oakland,CA,94612
William,Joseph,4470 Deer Ridge Drive,Montclair,NJ,07042
Nannie,Burns,2910 Burning Memory Lane,Philadelphia,PA,19103
Henry,Weiss,1319 Rardin Drive,Burlingame,CA,94010
Julie,Uribe,3519 Charmaine Lane,Stratford,TX,79084
Tomas,Barbieri,3548 Primrose Lane,North Freedom,WI,53951
David,Gould,4386 Lyon Avenue,New Bedford,MA,02740
Martha,Hancock,3408 Columbia Road,Wilmington,DE,19801
Walter,Donovan,125 Pinchelone Street,Portsmouth,VA,23707
James,Ryan,1639 Ashcraft Court,San Diego,CA,92123
Jean,Doyle,1510 Freed Drive,Stockton,CA,95202
Joseph,Dean,77 Charla Lane,Duncanville,TX,75116
Rodney,Mcdonald,4441 Hide A Way Road,San Jose,CA,95120
Kimberly,Thomas,2906 Perine Street,Mclean,VA,22101
Wendy,Burks,1060 Java Lane,Augusta,SC,30902
Greg,Taylor,3869 Briarhill Lane,Akron,OH,44308
Ann,Brown,1229 Smith Street,Needham,MA,02192
Willie,Barb,176 Oak Lane,Newtown,MO,64667
Peter,Shackelford,771 Sunburst Drive,Fort Myers,FL,33912
Elizabeth,Golla,928 Stanton Hollow Road,Cambridge,MA,02141
Dolores,Johnson,2992 Alpha Avenue,Longview,TX,75601
William,Nixon,1322 Goldleaf Lane,Secaucus,NJ,07094
Elmer,Paulson,3303 Preston Street,Belpre,KS,67519
Victoria,Streit,1488 Selah Way,Brattleboro,VT,05301
Lynn,Woods,3568 Oakwood Avenue,New York,NY,10007
Gary,Horak,160 Lewis Street,Wheeling,IL,60090
Jeanne,Jones,4820 Cheshire Road,Norwalk,CT,06851
Lori,Gates,4856 Simpson Street,Rock Island,IL,61201
Deborah,Fabrizio,3656 Timbercrest Road,Pump Station Ten,AK,99701
Gregory,Moser,1493 Lucky Duck Drive,Mc Kees Rocks,PA,15136
Georgette,Gomer,4424 Walnut Avenue,Lyndhurst,NJ,07071
David,Woods,2226 Star Route,Schaumburg,IL,60173
Clement,Pitts,4154 Washburn Street,Baton Rouge,LA,70806
Oren,Magee,364 Wetzel Lane,Grand Rapids,MI,49503
Margaret,Graham,4292 Diamond Street,Boone,NC,28607
Cameron,Balentine,1731 Calico Drive,Walla Walla,WA,99362
Delmer,Conroy,4562 Cody Ridge Road,Altus,OK,73521
Martha,Hartley,2132 Waldeck Street,Azle,TX,76020
Ned,England,4617 Mulberry Lane,West Palm Beach,FL,33401
Francisco,Johnson,2983 Stratford Court,Raleigh,NC,27604
Kristen,Olivares,4410 Burning Memory Lane,Philadelphia,PA,19103
Edwin,Chea,4161 Limer Street,Dawsonville,GA,30534
Richard,Lively,1426 Java Lane,Augusta,SC,30902
Janine,Bell,267 Joanne Lane,Quincy,MA,02169
Kenneth,Baker,1605 Caynor Circle,Rochelle Park,NJ,07662
Garrett,Lajoie,3024 Tipple Road,Plymouth Meeting,PA,19462
Tod,Hensley,2792 Nancy Street,Wake Forest,NC,27587
Joyce,Cole,1408 Cheshire Road,Bridgeport,CT,06604
Nelson,Bias,1302 Ben Street,Grand Rapids,MI,49503
Rene,Rodriguez,4923 Spring Street,Bismarck,IL,61814
Whitney,Caputo,3422 Granville Lane,Newark,NJ,07105
Maria,Butcher,2574 Traction Street,Easley,SC,29640
James,Williams,2636 Norman Street,Los Angeles,CA,90042
Frank,Fazio,4332 Parkview Drive,Houston,TX,77040
John,Shaw,2052 Goosetown Drive,Mars Hill,NC,28754
Anthony,Thompson,3065 Hidden Valley Road,Lancaster,PA,17602
Sandy,Pung,4144 Pheasant Ridge Road,Warrington,PA,18976
Kristin,Cameron,4302 Bartlett Avenue,Farmington Hills,MI,48331
Sara,Boris,1467 Dola Mine Road,Sanford,NC,27330
Michael,Hamilton,4304 Twin Oaks Drive,Bellaire,MI,49615
Cheryl,Elliott,1346 Frank Avenue,Springfield,MA,01105
Jeremy,Spiro,1391 Riverside Drive,Augusta,GA,30901
Nicholas,Richardson,3397 Cardinal Lane,Independence,OH,44131
Carla,Vance,846 Joy Lane,City Of Commerce,CA,90040
Jamie,Mizell,3524 Spring Avenue,Fort Washington,PA,19034
Jane,Wyant,2486 Young Road,Boise,ID,83702
Irene,Mcnamara,481 Pointe Lane,Pompano Beach,FL,33064
Brandon,Dulin,296 Lightning Point Drive,Memphis,TN,38117
Norma,Crawford,740 Pallet Street,Garden City,NY,11530
Mellie,Haldeman,2982 Davis Court,Stlouis,IL,63101
Joan,Henderson,4840 Mcwhorter Road,Pickens,MS,39146
Andrew,Castillo,3178 Stiles Street,Pittsburgh,PA,15219
Samantha,Gambill,695 Yorkie Lane,St George,GA,31646
Gerald,Ballenger,2849 Prospect Street,Camden,NJ,08102
Thelma,Cantrell,750 Ashwood Drive,Milford,IA,51351
Jeffrey,Powell,1488 Raintree Boulevard,Golden Valley,MN,55427
Sylvia,English,1080 Oak Street,Raquette Lake,NY,13436
Althea,Colburn,2913 Oakridge Lane,Augusta,GA,30901
Richard,Davison,4978 Stratford Court,Raleigh,NC,27601
Tracy,Xiong,1906 Wildrose Lane,Detroit,MI,48201
Elizabeth,Embry,4826 Hillside Drive,West Roxbury,MA,02132
Deborah,Kenney,3828 Star Route,Burr Ridge,IL,61257
Luz,Roberts,2600 Comfort Court,Madison,WI,53718
Charles,Batey,1415 Rainy Day Drive,Waltham,MA,02154
Elizabeth,Ardito,2716 Willow Oaks Lane,Lake Charles,LA,70629
Shari,Lewis,1213 Scheuvront Drive,Boulder,CO,80301
Robert,Ramsdell,3059 Perine Street,Washington,VA,20005
Casey,Sanders,4230 Reynolds Alley,Riverside,CA,92507
Annie,Babbitt,1476 Adams Drive,West Columbia,TX,77486
Louis,Thrash,915 Lake Forest Drive,Fairview Park,NY,10603
Ida,Finney,3421 Victoria Street,Deerfield,IL,60015
Johanna,Holley,4168 Robinson Lane,Newark,OH,43055
Krystle,Booe,1841 Polk Street,San Simon,AZ,85632
Jennifer,Foster,4873 Devils Hill Road,Jackson,MS,39201
Angela,Hiatt,4133 Lonely Oak Drive,Mobile,AL,36693
Manuel,Guerrero,3866 Lewis Street,Chicago,IL,60631
Floyd,Huffman,4926 Clearview Drive,Louisville,CO,80027
Juanita,Hayden,2028 Retreat Avenue,Birmingham,AL,35203
Billy,Alexander,2305 Cameron Road,Ellington,NY,14732
Freddie,Hite,4716 Cameron Road,Cheektowaga,NY,14227
Alva,Read,936 Shady Pines Drive,Hillsville,VA,24343
Terrence,Niehaus,3374 Austin Secret Lane,Castle Dale,UT,84513
Marilyn,Crigger,4576 Green Street,Nashville,TN,37207
Oma,Howard,1193 Ingram Road,Burlington,NC,27244
Christopher,Padilla,2714 Hall Valley Drive,Summersville,WV,26651
Teresa,Zajac,3208 Russell Street,Bedford,MA,01730
Alfred,Nelson,4399 Comfort Court,Madison,WI,53711
Marlene,Cauthen,3316 Black Oak Hollow Road,Santa Clara,CA,95054
William,Schrader,3764 Still Street,Buckland,OH,45819
Robert,Gower,998 James Street,Fairport,NY,14450
Denna,Keith,875 Hart Street,Hartford,CT,06182
James,Behrens,1501 Archwood Avenue,Mountain View,WY,82939
Charles,Wood,4785 Barnes Street,Altamonte Springs,FL,32701
Gail,Faust,4922 Bartlett Avenue,Pontiac,MI,48342
Georgia,Bunker,512 Longview Avenue,Bronx,NY,10452
Jimmy,Bentley,2447 Station Street,Hayward,CA,94545
Hannah,Perry,4433 Walnut Drive,Willow City,ND,58384
George,Bandy,2217 Turkey Pen Lane,Montgomery,AL,36117
Everett,Costello,2018 Late Avenue,Lawton,OK,73501
Elijah,Hunter,1831 Cameron Road,Getzville,NY,14068
Rhoda,Marez,4111 Todds Lane,San Antonio,TX,78225
Daisy,Adams,411 Angie Drive,Stevens Point,WI,54481
Angelo,Martin,1355 Mayo Street,Cincinnati,KY,45202
Cathrine,Proctor,833 Crestview Terrace,New Braunfels,TX,78130
Jennifer,Lema,2446 Golden Street,Miami,FL,33139
Casey,Burris,3031 Shadowmar Drive,Metairie,LA,70001
Delmar,Oliver,1987 Rebecca Street,Rolling Meadows,IL,60008
Jean,Beatty,3490 Jennifer Lane,Pittsboro,NC,27312
Robert,Freeman,4600 Station Street,San Jose,CA,95113
Robert,Perry,3132 Deer Ridge Drive,Rochelle Park,NJ,07662
Jackie,Mason,3326 Sugarfoot Lane,Lebanon,IN,46052
Brent,Potter,1277 Holden Street,San Diego,CA,92103
Irene,Ellis,1335 Parkway Drive,Tucson,AZ,85712
Sharon,Wallace,1733 Center Street,Fresno,CA,93721
William,Wheaton,3583 Bee Street,Mc Bain,MI,49657
Theodore,Morrison,1284 Burwell Heights Road,Beaumont,TX,77701
Jimmy,Starks,513 Whiteman Street,Allentown,NJ,08501
Howard,Hare,1337 Todds Lane,San Antonio,TX,78212
Jose,Blount,2818 Thorn Street,Cheyenne,WY,82003
